path,strategy,delay_ms,jitter_ms,run,failed,time_to_fail_s,alpha_rms_deg,theta_rms_deg_wrapped,voltage_mean_abs_V,voltage_std_abs_V,saturation_pct,duration_s,n_samples,effective_depth_mean,window_rule
E:\MDH\5-Project\LatencyPendulumControl\CollectedData\Baseline\1-baseline 0 delay\baseline_delay000_jitter000_run1.csv,baseline,0,0,1,False,,0.8747839888241924,10.59551583596489,0.24569585244171543,0.09481867213732906,0.0,59.28927,10423,0.0,BALANCE and t_s >= balance_start + 1.0s
E:\MDH\5-Project\LatencyPendulumControl\CollectedData\Baseline\1-baseline 0 delay\baseline_delay000_jitter000_run2.csv,baseline,0,0,2,False,,1.4353565284226848,7.5836901150977285,0.24584602265933853,0.08278188626775318,0.0,59.330912000000005,10371,0.0,BALANCE and t_s >= balance_start + 1.0s
E:\MDH\5-Project\LatencyPendulumControl\CollectedData\Baseline\1-baseline 0 delay\baseline_delay000_jitter000_run3.csv,baseline,0,0,3,False,,0.9861760627200534,10.33611259190761,0.24005364979318494,0.09440908393106413,0.0,59.373931999999996,10154,0.0,BALANCE and t_s >= balance_start + 1.0s
E:\MDH\5-Project\LatencyPendulumControl\CollectedData\Baseline\1-baseline 0 delay\baseline_delay000_jitter000_run4.csv,baseline,0,0,4,False,,0.8818801396181272,9.239398769440818,0.229004798791019,0.08758413006882708,0.0,65.223512,11580,0.0,BALANCE and t_s >= balance_start + 1.0s
E:\MDH\5-Project\LatencyPendulumControl\CollectedData\Baseline\1-baseline 0 delay\baseline_delay000_jitter000_run5.csv,baseline,0,0,5,False,,0.7371521578784027,9.870691187883152,0.2353104060222478,0.08857070461687765,0.0,60.712989,10428,0.0,BALANCE and t_s >= balance_start + 1.0s
E:\MDH\5-Project\LatencyPendulumControl\CollectedData\Baseline\2-baseline 5 delay\baseline_delay005_jitter000_run1.csv,baseline,5,0,1,True,4.276263999999999,8.332654554228368,35.154105849588525,0.6817916468926554,1.0001608271684252,0.0,4.0208889999999995,708,1.0,BALANCE and delay_blend >= 0.99
E:\MDH\5-Project\LatencyPendulumControl\CollectedData\Baseline\2-baseline 5 delay\baseline_delay005_jitter000_run2.csv,baseline,5,0,2,True,3.9964510000000004,7.819444935276288,39.61797115560498,0.6539665919629056,0.8689889691877338,0.0,3.7379999999999995,647,1.0,BALANCE and delay_blend >= 0.99
E:\MDH\5-Project\LatencyPendulumControl\CollectedData\Baseline\2-baseline 5 delay\baseline_delay005_jitter000_run3.csv,baseline,5,0,3,True,3.6026809999999996,5.20344759951303,38.98720797731228,0.7583316846846847,1.1168691818051593,0.0,3.337287999999999,555,1.0,BALANCE and delay_blend >= 0.99
E:\MDH\5-Project\LatencyPendulumControl\CollectedData\Baseline\2-baseline 5 delay\baseline_delay005_jitter000_run4.csv,baseline,5,0,4,True,3.5366679999999997,9.969965461296757,46.72813224397318,0.842602744347826,1.0838895729836482,0.0,3.276999,575,1.0,BALANCE and delay_blend >= 0.99
E:\MDH\5-Project\LatencyPendulumControl\CollectedData\Baseline\2-baseline 5 delay\baseline_delay005_jitter000_run5.csv,baseline,5,0,5,True,4.233534,7.213438528273857,37.93162232026443,0.5941825411436541,0.7910911340792408,0.0,3.9739259999999996,717,1.0,BALANCE and delay_blend >= 0.99
E:\MDH\5-Project\LatencyPendulumControl\CollectedData\Baseline\3-baseline 10 delay\baseline_delay010_jitter000_run1.csv,baseline,10,0,1,True,3.7463550000000003,6.491599270636113,39.142533464209855,0.8170457210440456,1.2542293919031378,0.0,3.486923000000001,613,2.0,BALANCE and delay_blend >= 0.99
E:\MDH\5-Project\LatencyPendulumControl\CollectedData\Baseline\3-baseline 10 delay\baseline_delay010_jitter000_run2.csv,baseline,10,0,2,True,3.3712410000000004,5.900267810212365,38.535455521861344,0.8340146984126985,1.2295435612141707,0.0,3.1048340000000003,567,2.0,BALANCE and delay_blend >= 0.99
E:\MDH\5-Project\LatencyPendulumControl\CollectedData\Baseline\3-baseline 10 delay\baseline_delay010_jitter000_run3.csv,baseline,10,0,3,True,3.9890440000000007,8.016844918297176,45.032807200842555,0.9428393959938367,1.1888033980398438,0.0,3.731082,649,2.0,BALANCE and delay_blend >= 0.99
E:\MDH\5-Project\LatencyPendulumControl\CollectedData\Baseline\3-baseline 10 delay\baseline_delay010_jitter000_run4.csv,baseline,10,0,4,True,3.421546000000001,7.431934158706721,34.905378322434146,0.7918893636363635,1.2483952772988334,0.0,3.165234,528,2.0,BALANCE and delay_blend >= 0.99
E:\MDH\5-Project\LatencyPendulumControl\CollectedData\Baseline\3-baseline 10 delay\baseline_delay010_jitter000_run5.csv,baseline,10,0,5,True,3.676622,7.178213396976712,46.71909071971074,0.9222567116968697,1.3628006971678976,0.0,3.422323999999999,607,2.0,BALANCE and delay_blend >= 0.99
E:\MDH\5-Project\LatencyPendulumControl\CollectedData\Baseline\4-baseline 15 delay\baseline_delay015_jitter000_run1.csv,baseline,15,0,1,True,2.639086,6.578966993261283,38.76882531222165,0.9686673219512196,1.2750093522128279,0.0,2.380973,410,3.0,BALANCE and delay_blend >= 0.99
E:\MDH\5-Project\LatencyPendulumControl\CollectedData\Baseline\4-baseline 15 delay\baseline_delay015_jitter000_run2.csv,baseline,15,0,2,True,4.1049560000000005,7.8456961538797785,45.359296497488096,0.8798358780487804,1.1693227609361794,0.0,3.846101,697,3.0,BALANCE and delay_blend >= 0.99
E:\MDH\5-Project\LatencyPendulumControl\CollectedData\Baseline\4-baseline 15 delay\baseline_delay015_jitter000_run3.csv,baseline,15,0,3,True,3.232875999999999,7.7439203793566165,42.09315536618222,0.8015046230769232,1.1640437881074202,0.0,2.9732070000000004,520,3.0,BALANCE and delay_blend >= 0.99
E:\MDH\5-Project\LatencyPendulumControl\CollectedData\Baseline\4-baseline 15 delay\baseline_delay015_jitter000_run4.csv,baseline,15,0,4,True,2.408651,8.757628412666369,48.133026881556816,1.1458537643678162,1.4889652474269643,0.0,2.149781000000001,348,3.0,BALANCE and delay_blend >= 0.99
E:\MDH\5-Project\LatencyPendulumControl\CollectedData\Baseline\4-baseline 15 delay\baseline_delay015_jitter000_run5.csv,baseline,15,0,5,True,2.562532000000001,8.590408373193192,40.0037180966129,0.9841233950617284,1.372034735103437,0.0,2.306376,405,3.0,BALANCE and delay_blend >= 0.99
E:\MDH\5-Project\LatencyPendulumControl\CollectedData\Baseline\5-baseline 20 delay\baseline_delay020_jitter000_run1.csv,baseline,20,0,1,True,3.683147999999999,7.822390464899232,30.895127985938345,0.6186675033444816,1.0096074491996347,0.0,3.419949999999999,598,4.0,BALANCE and delay_blend >= 0.99
E:\MDH\5-Project\LatencyPendulumControl\CollectedData\Baseline\5-baseline 20 delay\baseline_delay020_jitter000_run2.csv,baseline,20,0,2,True,2.1446820000000004,9.92740684108522,31.92739381643036,1.0128451204819275,1.4174013834721968,0.0,1.882625,332,4.0,BALANCE and delay_blend >= 0.99
E:\MDH\5-Project\LatencyPendulumControl\CollectedData\Baseline\5-baseline 20 delay\baseline_delay020_jitter000_run3.csv,baseline,20,0,3,True,2.8887270000000003,8.801713797598529,36.389609640601364,0.7823759220779221,1.1604898157597088,0.0,2.6256450000000005,462,4.0,BALANCE and delay_blend >= 0.99
E:\MDH\5-Project\LatencyPendulumControl\CollectedData\Baseline\5-baseline 20 delay\baseline_delay020_jitter000_run4.csv,baseline,20,0,4,True,2.5570079999999997,7.763088215622259,37.33957452773418,0.9801891815920399,1.3990727393983542,0.0,2.299766,402,4.0,BALANCE and delay_blend >= 0.99
E:\MDH\5-Project\LatencyPendulumControl\CollectedData\Baseline\5-baseline 20 delay\baseline_delay020_jitter000_run5.csv,baseline,20,0,5,True,1.1048360000000006,16.267050590920547,67.15025422509183,1.8054564437086091,1.3866138623639466,0.0,0.847982,151,4.0,BALANCE and delay_blend >= 0.99
E:\MDH\5-Project\LatencyPendulumControl\CollectedData\Baseline\6-baseline 5 delay 5 jitter\baseline_delay005_jitter005_run1.csv,baseline,5,5,1,True,3.9870929999999998,5.110979552339346,36.02582711827959,0.6385605616,0.9326846463774543,0.0,3.7268170000000005,625,1.0,BALANCE and delay_blend >= 0.99
E:\MDH\5-Project\LatencyPendulumControl\CollectedData\Baseline\6-baseline 5 delay 5 jitter\baseline_delay005_jitter005_run2.csv,baseline,5,5,2,True,4.564316000000001,7.203804461502992,60.991285618099226,0.9866924170918366,1.2338185334133414,0.0,4.3061929999999995,784,1.0,BALANCE and delay_blend >= 0.99
E:\MDH\5-Project\LatencyPendulumControl\CollectedData\Baseline\6-baseline 5 delay 5 jitter\baseline_delay005_jitter005_run3.csv,baseline,5,5,3,True,49.709501,2.5266921584197894,10.69886694408969,0.28076168711872357,0.28233088223663644,0.0,49.452023,8524,1.0,BALANCE and delay_blend >= 0.99
E:\MDH\5-Project\LatencyPendulumControl\CollectedData\Baseline\6-baseline 5 delay 5 jitter\baseline_delay005_jitter005_run4.csv,baseline,5,5,4,True,42.636326000000004,2.770834770973976,12.300402881848528,0.29814424237867393,0.31147498061295686,0.0,42.376127999999994,7315,1.0,BALANCE and delay_blend >= 0.99
E:\MDH\5-Project\LatencyPendulumControl\CollectedData\Baseline\6-baseline 5 delay 5 jitter\baseline_delay005_jitter005_run5.csv,baseline,5,5,5,True,37.611748999999996,2.686687079536692,12.561090199320299,0.29735180630896224,0.2953120974512158,0.0,37.355746,6784,1.0,BALANCE and delay_blend >= 0.99
E:\MDH\5-Project\LatencyPendulumControl\CollectedData\Baseline\7-baseline 10 delay 5 jitter\baseline_delay010_jitter005_run1.csv,baseline,10,5,1,True,3.623324,5.912557086242381,38.209664362275305,0.754948711775044,1.0514997404183748,0.0,3.367648,569,2.0,BALANCE and delay_blend >= 0.99
E:\MDH\5-Project\LatencyPendulumControl\CollectedData\Baseline\7-baseline 10 delay 5 jitter\baseline_delay010_jitter005_run2.csv,baseline,10,5,2,True,16.439202,3.3281561606939802,19.91532990717462,0.38325645610353276,0.6094527914735861,0.0,16.176062,2859,2.0,BALANCE and delay_blend >= 0.99
E:\MDH\5-Project\LatencyPendulumControl\CollectedData\Baseline\7-baseline 10 delay 5 jitter\baseline_delay010_jitter005_run3.csv,baseline,10,5,3,True,10.931842999999999,4.601931640300818,20.998597996040782,0.38610567213955876,0.5591138828948907,0.0,10.674644,1949,2.0,BALANCE and delay_blend >= 0.99
E:\MDH\5-Project\LatencyPendulumControl\CollectedData\Baseline\7-baseline 10 delay 5 jitter\baseline_delay010_jitter005_run4.csv,baseline,10,5,4,True,14.233937,4.904560224182784,22.664994827622746,0.4308410464646464,0.7028061583783091,0.0,13.971222000000001,2475,2.0,BALANCE and delay_blend >= 0.99
E:\MDH\5-Project\LatencyPendulumControl\CollectedData\Baseline\7-baseline 10 delay 5 jitter\baseline_delay010_jitter005_run5.csv,baseline,10,5,5,True,3.687812,5.009519549859394,39.66833060725051,0.7295685907046476,0.978302414719781,0.0,3.428922,667,2.0,BALANCE and delay_blend >= 0.99
E:\MDH\5-Project\LatencyPendulumControl\CollectedData\Baseline\8-baseline 15 delay 5 jitter\baseline_delay015_jitter005_run1.csv,baseline,15,5,1,True,2.7993900000000007,7.014401450131713,34.87432738685858,0.8802707299107143,1.1161328306471208,0.0,2.537629,448,3.0,BALANCE and delay_blend >= 0.99
E:\MDH\5-Project\LatencyPendulumControl\CollectedData\Baseline\8-baseline 15 delay 5 jitter\baseline_delay015_jitter005_run2.csv,baseline,15,5,2,True,3.423476,5.962726756622747,34.59853564842602,0.7375125798922801,1.0094636762796332,0.0,3.167967,557,3.0,BALANCE and delay_blend >= 0.99
E:\MDH\5-Project\LatencyPendulumControl\CollectedData\Baseline\8-baseline 15 delay 5 jitter\baseline_delay015_jitter005_run3.csv,baseline,15,5,3,True,2.5715689999999993,7.973106076749656,32.48685684531335,0.8445641348039217,1.2211296569920724,0.0,2.315560999999999,408,3.0,BALANCE and delay_blend >= 0.99
E:\MDH\5-Project\LatencyPendulumControl\CollectedData\Baseline\8-baseline 15 delay 5 jitter\baseline_delay015_jitter005_run4.csv,baseline,15,5,4,True,3.4737089999999995,6.910478318859952,31.097320122896313,0.7739426792114695,1.2551839768091317,0.0,3.2155509999999996,558,3.0,BALANCE and delay_blend >= 0.99
E:\MDH\5-Project\LatencyPendulumControl\CollectedData\Baseline\8-baseline 15 delay 5 jitter\baseline_delay015_jitter005_run5.csv,baseline,15,5,5,True,3.682987,6.442045372927102,31.566274265628465,0.7361467757166947,1.1741891840701824,0.0,3.4240150000000007,593,3.0,BALANCE and delay_blend >= 0.99
E:\MDH\5-Project\LatencyPendulumControl\CollectedData\Baseline\9-baseline 20 delay 5 jitter\baseline_delay020_jitter005_run1.csv,baseline,20,5,1,True,2.363352000000001,9.934709628047449,38.10671467733364,0.9409399485094849,1.2836084381398674,0.0,2.1061630000000005,369,4.0,BALANCE and delay_blend >= 0.99
E:\MDH\5-Project\LatencyPendulumControl\CollectedData\Baseline\9-baseline 20 delay 5 jitter\baseline_delay020_jitter005_run2.csv,baseline,20,5,2,True,2.0367999999999995,11.034008388926107,41.92548104487637,0.9950521631944445,1.3372987132763454,0.0,1.7749919999999992,288,4.0,BALANCE and delay_blend >= 0.99
E:\MDH\5-Project\LatencyPendulumControl\CollectedData\Baseline\9-baseline 20 delay 5 jitter\baseline_delay020_jitter005_run3.csv,baseline,20,5,3,True,3.4146669999999997,7.414296089622999,36.47503724359042,0.7988117530224526,1.2064572625365917,0.0,3.159591,579,4.0,BALANCE and delay_blend >= 0.99
E:\MDH\5-Project\LatencyPendulumControl\CollectedData\Baseline\9-baseline 20 delay 5 jitter\baseline_delay020_jitter005_run4.csv,baseline,20,5,4,True,2.580019000000001,8.891641293545627,35.98811700045964,0.9085666453900708,1.297152540445137,0.0,2.317831,423,4.0,BALANCE and delay_blend >= 0.99
E:\MDH\5-Project\LatencyPendulumControl\CollectedData\Baseline\9-baseline 20 delay 5 jitter\baseline_delay020_jitter005_run5.csv,baseline,20,5,5,True,3.7342639999999996,7.692785590589133,32.235429204351576,0.6155796076555025,0.9810773041737648,0.0,3.4795169999999995,627,4.0,BALANCE and delay_blend >= 0.99
E:\MDH\5-Project\LatencyPendulumControl\CollectedData\Kalman Filter\1-KF 0 delay\kf_delay000_jitter000_run1.csv,kf,0,0,1,False,,0.42287745722314835,3.8165765123938336,0.25806251584176976,0.07476837959920814,0.0,59.499155,10668,0.0,BALANCE and t_s >= balance_start + 1.0s
E:\MDH\5-Project\LatencyPendulumControl\CollectedData\Kalman Filter\1-KF 0 delay\kf_delay000_jitter000_run2.csv,kf,0,0,2,False,,0.9769485870550626,5.078233657062068,0.2587291040645719,0.10932789536223232,0.0,59.355455,10407,0.0,BALANCE and t_s >= balance_start + 1.0s
E:\MDH\5-Project\LatencyPendulumControl\CollectedData\Kalman Filter\1-KF 0 delay\kf_delay000_jitter000_run3.csv,kf,0,0,3,False,,0.4850532922419065,5.515864777987488,0.2545841697120159,0.08026874443509942,0.0,59.016675,10070,0.0,BALANCE and t_s >= balance_start + 1.0s
E:\MDH\5-Project\LatencyPendulumControl\CollectedData\Kalman Filter\1-KF 0 delay\kf_delay000_jitter000_run4.csv,kf,0,0,4,False,,1.7587995523862394,5.490932171126764,0.2504016832437714,0.126961520168628,0.0,59.002613,10235,0.0,BALANCE and t_s >= balance_start + 1.0s
E:\MDH\5-Project\LatencyPendulumControl\CollectedData\Kalman Filter\1-KF 0 delay\kf_delay000_jitter000_run5.csv,kf,0,0,5,False,,0.8961930736646587,5.182718943615999,0.24477077221127685,0.11369344920769706,0.0,59.495501,10659,0.0,BALANCE and t_s >= balance_start + 1.0s
E:\MDH\5-Project\LatencyPendulumControl\CollectedData\Kalman Filter\2-KF 5 delay\kf_delay005_jitter000_run1.csv,kf,5,0,1,False,,0.9255637319604433,8.555226699147784,0.2383837423914165,0.109033754242947,0.0,54.468234,9693,1.0,BALANCE and delay_blend >= 0.99
E:\MDH\5-Project\LatencyPendulumControl\CollectedData\Kalman Filter\2-KF 5 delay\kf_delay005_jitter000_run2.csv,kf,5,0,2,False,,0.8430676003770764,9.614425579741038,0.2323616147656407,0.10806701442802814,0.0,55.035089,9942,1.0,BALANCE and delay_blend >= 0.99
E:\MDH\5-Project\LatencyPendulumControl\CollectedData\Kalman Filter\2-KF 5 delay\kf_delay005_jitter000_run3.csv,kf,5,0,3,False,,2.1352064155387813,12.89801966276186,0.2544256193021062,0.13828582377247942,0.0,54.858643,9543,1.0,BALANCE and delay_blend >= 0.99
E:\MDH\5-Project\LatencyPendulumControl\CollectedData\Kalman Filter\2-KF 5 delay\kf_delay005_jitter000_run4.csv,kf,5,0,4,False,,1.1321287499317323,12.471783008350462,0.2391555312596879,0.11818759288877004,0.0,53.669808,9677,1.0,BALANCE and delay_blend >= 0.99
E:\MDH\5-Project\LatencyPendulumControl\CollectedData\Kalman Filter\2-KF 5 delay\kf_delay005_jitter000_run5.csv,kf,5,0,5,False,,1.491785443913921,15.51891426273916,0.24775204704049844,0.13134494480503603,0.0,54.90673,9630,1.0,BALANCE and delay_blend >= 0.99
E:\MDH\5-Project\LatencyPendulumControl\CollectedData\Kalman Filter\3-KF 10 delay\kf_delay010_jitter000_run1.csv,kf,10,0,1,False,,1.8491893093536733,9.65620040420705,0.24746002925864222,0.1612516697721614,0.0,54.196285,9604,2.0,BALANCE and delay_blend >= 0.99
E:\MDH\5-Project\LatencyPendulumControl\CollectedData\Kalman Filter\3-KF 10 delay\kf_delay010_jitter000_run2.csv,kf,10,0,2,False,,2.114481942930186,12.548969359375532,0.28137587672124037,0.19648230647489928,0.0,53.88573100000001,9223,2.0,BALANCE and delay_blend >= 0.99
E:\MDH\5-Project\LatencyPendulumControl\CollectedData\Kalman Filter\3-KF 10 delay\kf_delay010_jitter000_run3.csv,kf,10,0,3,False,,2.746398709885273,13.053230162282134,0.284565078683834,0.20090643471457142,0.0,62.841244,11184,2.0,BALANCE and delay_blend >= 0.99
E:\MDH\5-Project\LatencyPendulumControl\CollectedData\Kalman Filter\3-KF 10 delay\kf_delay010_jitter000_run4.csv,kf,10,0,4,False,,2.5971476263965885,14.722796932111434,0.29973845785597386,0.234038101275373,0.0,54.416351999999996,9776,2.0,BALANCE and delay_blend >= 0.99
E:\MDH\5-Project\LatencyPendulumControl\CollectedData\Kalman Filter\3-KF 10 delay\kf_delay010_jitter000_run5.csv,kf,10,0,5,False,,2.4970700853846766,13.288175106299576,0.2826919523113848,0.2000495113718073,0.0,54.842009000000004,9583,2.0,BALANCE and delay_blend >= 0.99
E:\MDH\5-Project\LatencyPendulumControl\CollectedData\Kalman Filter\4-KF 15 delay\kf_delay015_jitter000_run1.csv,kf,15,0,1,True,7.978216,7.578330543766858,30.66995354224042,0.8303230434120336,1.7569505050664873,0.6854531607006854,7.714853,1313,3.0,BALANCE and delay_blend >= 0.99
E:\MDH\5-Project\LatencyPendulumControl\CollectedData\Kalman Filter\4-KF 15 delay\kf_delay015_jitter000_run2.csv,kf,15,0,2,True,2.9327950000000005,14.486760403535909,35.73692346586033,2.8676717216035637,3.278984045382311,6.904231625835189,2.6698280000000008,449,3.0,BALANCE and delay_blend >= 0.99
E:\MDH\5-Project\LatencyPendulumControl\CollectedData\Kalman Filter\4-KF 15 delay\kf_delay015_jitter000_run3.csv,kf,15,0,3,True,3.137472,11.989719293905534,14.574163482836196,2.250631277777778,3.1456626979893674,4.563492063492063,2.8799859999999997,504,3.0,BALANCE and delay_blend >= 0.99
E:\MDH\5-Project\LatencyPendulumControl\CollectedData\Kalman Filter\4-KF 15 delay\kf_delay015_jitter000_run4.csv,kf,15,0,4,True,4.744986,8.653683872154609,21.27033222488691,1.8004930565805657,2.6078017310892685,2.091020910209102,4.486763,813,3.0,BALANCE and delay_blend >= 0.99
E:\MDH\5-Project\LatencyPendulumControl\CollectedData\Kalman Filter\4-KF 15 delay\kf_delay015_jitter000_run5.csv,kf,15,0,5,True,4.111304,8.733568414040207,15.748992717946452,1.4925166989409984,2.5729374562886873,2.8744326777609683,3.8513660000000005,661,3.0,BALANCE and delay_blend >= 0.99
E:\MDH\5-Project\LatencyPendulumControl\CollectedData\Kalman Filter\5-KF 20 delay\kf_delay020_jitter000_run1.csv,kf,20,0,1,True,2.002153,13.18912160026578,14.685653669629039,1.7814833485342019,2.996485374718336,8.143322475570033,1.7418520000000006,307,4.0,BALANCE and delay_blend >= 0.99
E:\MDH\5-Project\LatencyPendulumControl\CollectedData\Kalman Filter\5-KF 20 delay\kf_delay020_jitter000_run2.csv,kf,20,0,2,True,1.8310790000000008,9.221663715369496,15.186627668498721,1.5223593750000002,2.450268216505704,3.6764705882352944,1.5778539999999994,272,4.0,BALANCE and delay_blend >= 0.99
E:\MDH\5-Project\LatencyPendulumControl\CollectedData\Kalman Filter\5-KF 20 delay\kf_delay020_jitter000_run3.csv,kf,20,0,3,True,2.0859929999999993,10.389450018947455,18.54296814435576,1.7162001894409937,2.7163689626407916,0.0,1.8209970000000002,322,4.0,BALANCE and delay_blend >= 0.99
E:\MDH\5-Project\LatencyPendulumControl\CollectedData\Kalman Filter\5-KF 20 delay\kf_delay020_jitter000_run4.csv,kf,20,0,4,True,2.1126620000000003,10.651475415798206,16.151042835828452,1.5987577843137255,2.5737943835009487,3.6414565826330536,1.8559940000000008,357,4.0,BALANCE and delay_blend >= 0.99
E:\MDH\5-Project\LatencyPendulumControl\CollectedData\Kalman Filter\5-KF 20 delay\kf_delay020_jitter000_run5.csv,kf,20,0,5,True,2.2812530000000004,11.539179601196066,38.07617482776346,1.77499356779661,2.5320080143797754,1.1299435028248588,2.0209980000000005,354,4.0,BALANCE and delay_blend >= 0.99
E:\MDH\5-Project\LatencyPendulumControl\CollectedData\Kalman Filter\6-KF 5 delay 5 jitter\kf_delay005_jitter005_run1.csv,kf,5,5,1,False,,3.3307362779147773,16.67877281142059,0.34827741082668906,0.2154207088785844,0.0,14.59549,2383,1.0,BALANCE and delay_blend >= 0.99
E:\MDH\5-Project\LatencyPendulumControl\CollectedData\Kalman Filter\6-KF 5 delay 5 jitter\kf_delay005_jitter005_run2.csv,kf,5,5,2,False,,2.218447763186078,12.959262429880955,0.27233404263117283,0.161746994214616,0.0,61.564282000000006,10368,1.0,BALANCE and delay_blend >= 0.99
E:\MDH\5-Project\LatencyPendulumControl\CollectedData\Kalman Filter\6-KF 5 delay 5 jitter\kf_delay005_jitter005_run3.csv,kf,5,5,3,False,,0.9749017766264868,4.3531817241799535,0.25731838455796097,0.10962216336375036,0.0,53.298201,9377,1.0,BALANCE and delay_blend >= 0.99
E:\MDH\5-Project\LatencyPendulumControl\CollectedData\Kalman Filter\6-KF 5 delay 5 jitter\kf_delay005_jitter005_run4.csv,kf,5,5,4,False,,0.7395954317675612,7.079762499073239,0.23118883673250318,0.1078655270602209,0.0,54.178677,9316,1.0,BALANCE and delay_blend >= 0.99
E:\MDH\5-Project\LatencyPendulumControl\CollectedData\Kalman Filter\6-KF 5 delay 5 jitter\kf_delay005_jitter005_run5.csv,kf,5,5,5,False,,1.5628985776825548,11.738706751854961,0.25181771712292,0.14055499839544783,0.0,54.739585,9315,1.0,BALANCE and delay_blend >= 0.99
E:\MDH\5-Project\LatencyPendulumControl\CollectedData\Kalman Filter\7-KF 10 delay 5 jitter\kf_delay010_jitter005_run1.csv,kf,10,5,1,False,,2.3560058915421265,13.326597168768881,0.2857198025830258,0.19511304511126637,0.0,54.428178,9756,2.0,BALANCE and delay_blend >= 0.99
E:\MDH\5-Project\LatencyPendulumControl\CollectedData\Kalman Filter\7-KF 10 delay 5 jitter\kf_delay010_jitter005_run2.csv,kf,10,5,2,False,,2.374392227300562,12.531006912546923,0.2982978908757945,0.20852454550531577,0.0,54.824954,9283,2.0,BALANCE and delay_blend >= 0.99
E:\MDH\5-Project\LatencyPendulumControl\CollectedData\Kalman Filter\7-KF 10 delay 5 jitter\kf_delay010_jitter005_run3.csv,kf,10,5,3,False,,2.7701459872542182,14.303538463072032,0.32348707396603815,0.21954300190341863,0.0,54.508997,9599,2.0,BALANCE and delay_blend >= 0.99
E:\MDH\5-Project\LatencyPendulumControl\CollectedData\Kalman Filter\7-KF 10 delay 5 jitter\kf_delay010_jitter005_run4.csv,kf,10,5,4,False,,2.0333557800298507,11.62122835338775,0.27790301952366353,0.19063935605127708,0.0,54.851839,9783,2.0,BALANCE and delay_blend >= 0.99
E:\MDH\5-Project\LatencyPendulumControl\CollectedData\Kalman Filter\7-KF 10 delay 5 jitter\kf_delay010_jitter005_run5.csv,kf,10,5,5,False,,2.3130481413594524,12.891969964732493,0.2891052317582771,0.20390552184613436,0.0,54.174699999999994,9333,2.0,BALANCE and delay_blend >= 0.99
E:\MDH\5-Project\LatencyPendulumControl\CollectedData\Kalman Filter\8-KF 15 delay 5 jitter\kf_delay015_jitter005_run1.csv,kf,15,5,1,True,5.09295,10.714362184256075,34.17155889747642,1.9314788808962267,2.9860170396112564,5.778301886792453,4.83449,848,3.0,BALANCE and delay_blend >= 0.99
E:\MDH\5-Project\LatencyPendulumControl\CollectedData\Kalman Filter\8-KF 15 delay 5 jitter\kf_delay015_jitter005_run2.csv,kf,15,5,2,True,18.013651,4.566907453268189,11.7653109559021,0.5643367422907489,1.350896387741242,0.7551919446192574,17.756588,3178,3.0,BALANCE and delay_blend >= 0.99
E:\MDH\5-Project\LatencyPendulumControl\CollectedData\Kalman Filter\8-KF 15 delay 5 jitter\kf_delay015_jitter005_run3.csv,kf,15,5,3,True,5.184850999999999,11.894306684720652,21.634779198409603,2.4081025589856666,3.108391818548083,3.9691289966923926,4.930458,907,3.0,BALANCE and delay_blend >= 0.99
E:\MDH\5-Project\LatencyPendulumControl\CollectedData\Kalman Filter\8-KF 15 delay 5 jitter\kf_delay015_jitter005_run4.csv,kf,15,5,4,True,3.8868,9.823778137139193,41.425170844680714,1.9767897609374998,2.906954716419742,5.15625,3.625662,640,3.0,BALANCE and delay_blend >= 0.99
E:\MDH\5-Project\LatencyPendulumControl\CollectedData\Kalman Filter\8-KF 15 delay 5 jitter\kf_delay015_jitter005_run5.csv,kf,15,5,5,True,3.9898300000000004,8.6605206954732,12.486293928564026,1.0134632260596546,2.0647311179380052,2.9827315541601256,3.7313730000000005,637,3.0,BALANCE and delay_blend >= 0.99
E:\MDH\5-Project\LatencyPendulumControl\CollectedData\Kalman Filter\9-KF 20 delay 5 jitter\kf_delay020_jitter005_run1.csv,kf,20,5,1,True,2.0737710000000007,11.725688283111621,24.40990010438259,2.196632936305733,3.072863185210986,0.9554140127388535,1.8125259999999992,314,4.0,BALANCE and delay_blend >= 0.99
E:\MDH\5-Project\LatencyPendulumControl\CollectedData\Kalman Filter\9-KF 20 delay 5 jitter\kf_delay020_jitter005_run2.csv,kf,20,5,2,True,1.9363959999999993,13.272878176323477,16.5140699122292,1.8767611530612245,3.010787078211562,0.0,1.6770870000000002,294,4.0,BALANCE and delay_blend >= 0.99
E:\MDH\5-Project\LatencyPendulumControl\CollectedData\Kalman Filter\9-KF 20 delay 5 jitter\kf_delay020_jitter005_run3.csv,kf,20,5,3,True,1.9017739999999996,13.759702316644807,13.92901660034065,1.8390954689655175,2.993564748540282,0.0,1.644495,290,4.0,BALANCE and delay_blend >= 0.99
E:\MDH\5-Project\LatencyPendulumControl\CollectedData\Kalman Filter\9-KF 20 delay 5 jitter\kf_delay020_jitter005_run4.csv,kf,20,5,4,True,2.5102899999999995,11.277889363989235,30.991414777009826,1.8876882745591943,2.9002819869788787,4.534005037783375,2.2529179999999993,397,4.0,BALANCE and delay_blend >= 0.99
E:\MDH\5-Project\LatencyPendulumControl\CollectedData\Kalman Filter\9-KF 20 delay 5 jitter\kf_delay020_jitter005_run5.csv,kf,20,5,5,True,1.747783,13.99628606299527,18.152297235366063,2.068357853846154,3.109266574196238,8.846153846153847,1.4843329999999995,260,4.0,BALANCE and delay_blend >= 0.99
E:\MDH\5-Project\LatencyPendulumControl\CollectedData\Second_SP\1-SP 100 delay\sp_delay100_jitter000_run1.csv,sp2,100,0,1,False,,2.1734655576700668,28.26363671482846,0.30165646102150534,0.14960688750723888,0.0,29.329629,5208,20.0,BALANCE and delay_blend >= 0.99
E:\MDH\5-Project\LatencyPendulumControl\CollectedData\Second_SP\1-SP 100 delay\sp_delay100_jitter000_run2.csv,sp2,100,0,2,False,,2.2229247291319862,24.868065112834117,0.28464852554027503,0.1465885471693264,0.0,30.518508,5090,20.0,BALANCE and delay_blend >= 0.99
E:\MDH\5-Project\LatencyPendulumControl\CollectedData\Second_SP\1-SP 100 delay\sp_delay100_jitter000_run3.csv,sp2,100,0,3,False,,2.0127289483571342,32.88072690321071,0.31830210472470233,0.1572220355918881,0.0,29.984037999999998,5376,20.0,BALANCE and delay_blend >= 0.99
E:\MDH\5-Project\LatencyPendulumControl\CollectedData\Second_SP\1-SP 100 delay\sp_delay100_jitter000_run4.csv,sp2,100,0,4,False,,1.400892740720445,29.316441966403282,0.29474515855855854,0.14926859658290714,0.0,29.36267,4995,20.0,BALANCE and delay_blend >= 0.99
E:\MDH\5-Project\LatencyPendulumControl\CollectedData\Second_SP\1-SP 100 delay\sp_delay100_jitter000_run5.csv,sp2,100,0,5,False,,1.7221017948855644,25.42397368226235,0.29012807177322075,0.15644254246424383,0.0,30.328876,4974,20.0,BALANCE and delay_blend >= 0.99
E:\MDH\5-Project\LatencyPendulumControl\CollectedData\Second_SP\1-SP 300 delay\sp_delay300_jitter000_run1.csv,sp2,300,0,1,False,,1.972543345655161,32.210740809022454,0.3167463880203428,0.1483939073941539,0.0,30.342569000000005,5309,60.0,BALANCE and delay_blend >= 0.99
E:\MDH\5-Project\LatencyPendulumControl\CollectedData\Second_SP\1-SP 300 delay\sp_delay300_jitter000_run2.csv,sp2,300,0,2,False,,1.8927370348331223,25.425297305257264,0.2882545518160613,0.13570311540888239,0.0,34.34143400000001,6002,60.0,BALANCE and delay_blend >= 0.99
E:\MDH\5-Project\LatencyPendulumControl\CollectedData\Second_SP\1-SP 300 delay\sp_delay300_jitter000_run3.csv,sp2,300,0,3,False,,2.0982855330588253,27.949223442643383,0.299703891468583,0.1414708065406196,0.0,30.399099999999997,5427,60.0,BALANCE and delay_blend >= 0.99
E:\MDH\5-Project\LatencyPendulumControl\CollectedData\Second_SP\1-SP 300 delay\sp_delay300_jitter000_run4.csv,sp2,300,0,4,False,,2.5896240782071502,27.911532686629048,0.3089926870626234,0.15152399824762955,0.0,32.217245,5573,60.0,BALANCE and delay_blend >= 0.99
E:\MDH\5-Project\LatencyPendulumControl\CollectedData\Second_SP\1-SP 300 delay\sp_delay300_jitter000_run5.csv,sp2,300,0,5,False,,4.019472258390976,41.93946081011139,0.3870524416195857,0.20483049752831853,0.0,29.309737,5310,60.0,BALANCE and delay_blend >= 0.99
E:\MDH\5-Project\LatencyPendulumControl\CollectedData\Second_SP\1-SP 900 delay\sp_delay900_jitter000_run1.csv,sp2,900,0,1,False,,3.5804328956047122,25.447822183499888,0.300669817794971,0.14939860824408105,0.0,29.630052000000003,5170,180.0,BALANCE and delay_blend >= 0.99
E:\MDH\5-Project\LatencyPendulumControl\CollectedData\Second_SP\1-SP 900 delay\sp_delay900_jitter000_run2.csv,sp2,900,0,2,False,,2.9337349540919617,30.85842550111317,0.30008917300232735,0.1517170064451821,0.0,29.807902999999996,5156,180.0,BALANCE and delay_blend >= 0.99
E:\MDH\5-Project\LatencyPendulumControl\CollectedData\Second_SP\1-SP 900 delay\sp_delay900_jitter000_run3.csv,sp2,900,0,3,False,,3.375009759466095,22.03321160958741,0.29174640666427804,0.13942833338461832,0.0,30.874211000000003,5582,180.0,BALANCE and delay_blend >= 0.99
E:\MDH\5-Project\LatencyPendulumControl\CollectedData\Second_SP\1-SP 900 delay\sp_delay900_jitter000_run4.csv,sp2,900,0,4,False,,3.1689310844762186,30.277604053753993,0.3034817158388004,0.16519790755264277,0.0,30.920703,5335,180.0,BALANCE and delay_blend >= 0.99
E:\MDH\5-Project\LatencyPendulumControl\CollectedData\Second_SP\1-SP 900 delay\sp_delay900_jitter000_run5.csv,sp2,900,0,5,False,,3.320935830157898,29.61669005766292,0.3073528915775652,0.15953086314606987,0.0,30.239358000000003,5331,180.0,BALANCE and delay_blend >= 0.99
E:\MDH\5-Project\LatencyPendulumControl\CollectedData\Second_SP\2-SP 100 delay 100 jitter\sp_delay100_jitter100_run1.csv,sp2,100,100,1,False,,4.0312355779199285,40.744937610034604,0.3748332722788556,0.21076839828962093,0.0,35.086892999999996,6082,19.88260440644525,BALANCE and delay_blend >= 0.99
E:\MDH\5-Project\LatencyPendulumControl\CollectedData\Second_SP\2-SP 100 delay 100 jitter\sp_delay100_jitter100_run2.csv,sp2,100,100,2,False,,4.268095759375322,49.40500347110544,0.41639453830827744,0.2365261656586206,0.0,30.429214,5521,20.014490128599892,BALANCE and delay_blend >= 0.99
E:\MDH\5-Project\LatencyPendulumControl\CollectedData\Second_SP\2-SP 100 delay 100 jitter\sp_delay100_jitter100_run3.csv,sp2,100,100,3,False,,1.6678267645498255,20.453098221068974,0.28114381121058774,0.1435002446816824,0.0,30.381072,5138,20.065784351887896,BALANCE and delay_blend >= 0.99
E:\MDH\5-Project\LatencyPendulumControl\CollectedData\Second_SP\2-SP 100 delay 100 jitter\sp_delay100_jitter100_run4.csv,sp2,100,100,4,False,,1.5782993704525576,27.15280435137374,0.2912309341328413,0.13795519593772532,0.0,30.380988000000002,5420,19.97656826568266,BALANCE and delay_blend >= 0.99
E:\MDH\5-Project\LatencyPendulumControl\CollectedData\Second_SP\2-SP 100 delay 100 jitter\sp_delay100_jitter100_run5.csv,sp2,100,100,5,False,,1.4352292115609422,32.30331551816314,0.3116939250519161,0.15880653140896436,0.0,30.316100000000002,5297,20.0,BALANCE and delay_blend >= 0.99
E:\MDH\5-Project\LatencyPendulumControl\CollectedData\Second_SP\2-SP 300 delay 100 jitter\sp_delay300_jitter100_run1.csv,sp2,300,100,1,False,,1.1603446977252843,21.34476262575974,0.2771244828090709,0.12684420499113208,0.0,30.102966,5468,60.05175566934894,BALANCE and delay_blend >= 0.99
E:\MDH\5-Project\LatencyPendulumControl\CollectedData\Second_SP\2-SP 300 delay 100 jitter\sp_delay300_jitter100_run2.csv,sp2,300,100,2,False,,1.7098291479992485,23.644971554580156,0.28904676742424246,0.13733780264614823,0.0,30.557314,5280,60.04204545454545,BALANCE and delay_blend >= 0.99
E:\MDH\5-Project\LatencyPendulumControl\CollectedData\Second_SP\2-SP 300 delay 100 jitter\sp_delay300_jitter100_run3.csv,sp2,300,100,3,False,,2.459224972164271,27.74688616125594,0.30937104627204465,0.1490790379930412,0.0,31.753493999999996,5727,60.13637157324952,BALANCE and delay_blend >= 0.99
E:\MDH\5-Project\LatencyPendulumControl\CollectedData\Second_SP\2-SP 300 delay 100 jitter\sp_delay300_jitter100_run4.csv,sp2,300,100,4,False,,2.7198464910418645,29.993812451801954,0.31232556936045447,0.1622489249038933,0.0,30.598660000000002,5457,59.90965732087228,BALANCE and delay_blend >= 0.99
E:\MDH\5-Project\LatencyPendulumControl\CollectedData\Second_SP\2-SP 300 delay 100 jitter\sp_delay300_jitter100_run5.csv,sp2,300,100,5,False,,2.9859346395504494,27.733896189888533,0.30212987253039514,0.14947164837263124,0.0,30.276126,5264,60.045782674772035,BALANCE and delay_blend >= 0.99
E:\MDH\5-Project\LatencyPendulumControl\CollectedData\Second_SP\2-SP 900 delay 100 jitter\sp_delay900_jitter100_run1.csv,sp2,900,100,1,False,,1.1523145646864872,24.10990417551899,0.2732250124674358,0.13022399684279362,0.0,30.968378,5374,179.9687383699293,BALANCE and delay_blend >= 0.99
E:\MDH\5-Project\LatencyPendulumControl\CollectedData\Second_SP\2-SP 900 delay 100 jitter\sp_delay900_jitter100_run2.csv,sp2,900,100,2,False,,1.3356364021964862,30.975342550982873,0.2990235296223376,0.14637657624647146,0.0,31.249196,5587,180.02308931448005,BALANCE and delay_blend >= 0.99
E:\MDH\5-Project\LatencyPendulumControl\CollectedData\Second_SP\2-SP 900 delay 100 jitter\sp_delay900_jitter100_run3.csv,sp2,900,100,3,False,,1.388916326339187,33.87073797973859,0.3084266725472547,0.1470747496594671,0.0,31.293862000000004,5555,179.83294329432943,BALANCE and delay_blend >= 0.99
E:\MDH\5-Project\LatencyPendulumControl\CollectedData\Second_SP\2-SP 900 delay 100 jitter\sp_delay900_jitter100_run4.csv,sp2,900,100,4,False,,1.6337942051318741,27.827993192906725,0.2899602467136597,0.13801005790513168,0.0,30.270368,5249,179.86378357782434,BALANCE and delay_blend >= 0.99
E:\MDH\5-Project\LatencyPendulumControl\CollectedData\Second_SP\2-SP 900 delay 100 jitter\sp_delay900_jitter100_run5.csv,sp2,900,100,5,False,,1.3046998875609963,22.140563776201624,0.27619168492079016,0.132545030609546,0.0,30.747103999999997,5113,179.87776256600822,BALANCE and delay_blend >= 0.99
E:\MDH\5-Project\LatencyPendulumControl\CollectedData\Smith Predictor\1-SP 0 delay\sp_delay000_jitter000_run1.csv,sp,0,0,1,False,,3.0864734512375773,4.430777223752927,0.2708542080941447,0.07636291761973836,0.0,58.394099999999995,10452,0.0,BALANCE and t_s >= balance_start + 1.0s
E:\MDH\5-Project\LatencyPendulumControl\CollectedData\Smith Predictor\1-SP 0 delay\sp_delay000_jitter000_run2.csv,sp,0,0,2,False,,3.0267681630132532,2.9043493926700217,0.2579303462330624,0.07629037520746342,0.0,55.508346,9225,0.0,BALANCE and t_s >= balance_start + 1.0s
E:\MDH\5-Project\LatencyPendulumControl\CollectedData\Smith Predictor\1-SP 0 delay\sp_delay000_jitter000_run3.csv,sp,0,0,3,False,,2.003610135444666,2.7982883972557495,0.26548027269951135,0.07224466685887108,0.0,55.434082,9824,0.0,BALANCE and t_s >= balance_start + 1.0s
E:\MDH\5-Project\LatencyPendulumControl\CollectedData\Smith Predictor\1-SP 0 delay\sp_delay000_jitter000_run4.csv,sp,0,0,4,False,,2.5920380318484026,2.853448257479918,0.2597389965380308,0.07482682322081659,0.0,56.039703,9821,0.0,BALANCE and t_s >= balance_start + 1.0s
E:\MDH\5-Project\LatencyPendulumControl\CollectedData\Smith Predictor\1-SP 0 delay\sp_delay000_jitter000_run5.csv,sp,0,0,5,False,,2.029655313266753,2.9119011712632683,0.26615201221341334,0.0762882788526371,0.0,55.867760999999994,9334,0.0,BALANCE and t_s >= balance_start + 1.0s
E:\MDH\5-Project\LatencyPendulumControl\CollectedData\Smith Predictor\2-SP  5 delay\sp_delay005_jitter000_run1.csv,sp,5,0,1,False,,2.426499708601628,29.670380417238476,0.31490311746955496,0.17057687292827853,0.0,54.274091,9279,1.0,BALANCE and delay_blend >= 0.99
E:\MDH\5-Project\LatencyPendulumControl\CollectedData\Smith Predictor\2-SP  5 delay\sp_delay005_jitter000_run2.csv,sp,5,0,2,False,,1.7658484185882768,34.39956065883241,0.3226361358711857,0.15846213445469584,0.0,56.293198999999994,10061,1.0,BALANCE and delay_blend >= 0.99
E:\MDH\5-Project\LatencyPendulumControl\CollectedData\Smith Predictor\2-SP  5 delay\sp_delay005_jitter000_run3.csv,sp,5,0,3,False,,1.5033069719412109,33.577522680645224,0.3257902946854889,0.17077061189156348,0.0,54.345545,9634,1.0,BALANCE and delay_blend >= 0.99
E:\MDH\5-Project\LatencyPendulumControl\CollectedData\Smith Predictor\2-SP  5 delay\sp_delay005_jitter000_run4.csv,sp,5,0,4,False,,1.5259087733166727,31.215240681166335,0.3162384586244541,0.16030857081111194,0.0,54.189916000000004,9160,1.0,BALANCE and delay_blend >= 0.99
E:\MDH\5-Project\LatencyPendulumControl\CollectedData\Smith Predictor\2-SP  5 delay\sp_delay005_jitter000_run5.csv,sp,5,0,5,False,,2.082395236596062,30.190039334634385,0.30567923356221394,0.15229598957608356,0.0,54.178098999999996,9612,1.0,BALANCE and delay_blend >= 0.99
E:\MDH\5-Project\LatencyPendulumControl\CollectedData\Smith Predictor\3-SP 10 delay\sp_delay010_jitter000_run1.csv,sp,10,0,1,False,,1.3338701428170663,32.01658469076049,0.29201316645161296,0.14128362065961275,0.0,53.695929,9300,2.0,BALANCE and delay_blend >= 0.99
E:\MDH\5-Project\LatencyPendulumControl\CollectedData\Smith Predictor\3-SP 10 delay\sp_delay010_jitter000_run2.csv,sp,10,0,2,False,,1.502177552632525,31.533367825654842,0.2873933722728236,0.13745914945709162,0.0,54.268369,9442,2.0,BALANCE and delay_blend >= 0.99
E:\MDH\5-Project\LatencyPendulumControl\CollectedData\Smith Predictor\3-SP 10 delay\sp_delay010_jitter000_run3.csv,sp,10,0,3,False,,2.172007805245028,31.907882497065703,0.30419926865203767,0.146403366628162,0.0,54.287323,9570,2.0,BALANCE and delay_blend >= 0.99
E:\MDH\5-Project\LatencyPendulumControl\CollectedData\Smith Predictor\3-SP 10 delay\sp_delay010_jitter000_run4.csv,sp,10,0,4,False,,2.398494718964992,30.511864621007675,0.3021748630017452,0.14934544720389376,0.0,65.73369699999999,11460,2.0,BALANCE and delay_blend >= 0.99
E:\MDH\5-Project\LatencyPendulumControl\CollectedData\Smith Predictor\3-SP 10 delay\sp_delay010_jitter000_run5.csv,sp,10,0,5,False,,1.4908218681066359,31.660166702717493,0.2949536811454311,0.14420351410033105,0.0,54.225584000000005,9324,2.0,BALANCE and delay_blend >= 0.99
E:\MDH\5-Project\LatencyPendulumControl\CollectedData\Smith Predictor\4-SP 15 delay\sp_delay015_jitter000_run1.csv,sp,15,0,1,False,,1.3577590017034677,28.88671641206897,0.29872563900896154,0.15512396764248104,0.0,54.31151,9485,3.0,BALANCE and delay_blend >= 0.99
E:\MDH\5-Project\LatencyPendulumControl\CollectedData\Smith Predictor\4-SP 15 delay\sp_delay015_jitter000_run2.csv,sp,15,0,2,False,,1.3680104206673145,32.26485249161795,0.31365283131541144,0.14844544357911277,0.0,54.275384,9746,3.0,BALANCE and delay_blend >= 0.99
E:\MDH\5-Project\LatencyPendulumControl\CollectedData\Smith Predictor\4-SP 15 delay\sp_delay015_jitter000_run3.csv,sp,15,0,3,False,,1.751515551364463,29.82993219693845,0.2955722225656878,0.14408170610991425,0.0,53.077218,9058,3.0,BALANCE and delay_blend >= 0.99
E:\MDH\5-Project\LatencyPendulumControl\CollectedData\Smith Predictor\4-SP 15 delay\sp_delay015_jitter000_run4.csv,sp,15,0,4,False,,1.311757299697868,32.89335370088191,0.3041419819563153,0.14376292506284927,0.0,54.430019,9477,3.0,BALANCE and delay_blend >= 0.99
E:\MDH\5-Project\LatencyPendulumControl\CollectedData\Smith Predictor\4-SP 15 delay\sp_delay015_jitter000_run5.csv,sp,15,0,5,False,,1.4227045425484368,30.966598563529868,0.29424010394592615,0.14501451034320606,0.0,62.59952799999999,10948,3.0,BALANCE and delay_blend >= 0.99
E:\MDH\5-Project\LatencyPendulumControl\CollectedData\Smith Predictor\5-SP 20 delay\sp_delay020_jitter000_run1.csv,sp,20,0,1,False,,1.2741349284772585,29.210417656718402,0.29955256287621757,0.15237954506766477,0.0,53.911933,9137,4.0,BALANCE and delay_blend >= 0.99
E:\MDH\5-Project\LatencyPendulumControl\CollectedData\Smith Predictor\5-SP 20 delay\sp_delay020_jitter000_run2.csv,sp,20,0,2,False,,1.3315064971410135,29.863833678204685,0.3041400822171308,0.14401294280276866,0.0,63.458315,11348,4.0,BALANCE and delay_blend >= 0.99
E:\MDH\5-Project\LatencyPendulumControl\CollectedData\Smith Predictor\5-SP 20 delay\sp_delay020_jitter000_run3.csv,sp,20,0,3,False,,1.3742912595892753,30.938579911416703,0.3085128640888609,0.1514335519694535,0.0,54.983654,9543,4.0,BALANCE and delay_blend >= 0.99
E:\MDH\5-Project\LatencyPendulumControl\CollectedData\Smith Predictor\5-SP 20 delay\sp_delay020_jitter000_run4.csv,sp,20,0,4,False,,1.3416351066426582,27.753201983487127,0.2970345890227577,0.14819173595731203,0.0,53.909029,9711,4.0,BALANCE and delay_blend >= 0.99
E:\MDH\5-Project\LatencyPendulumControl\CollectedData\Smith Predictor\5-SP 20 delay\sp_delay020_jitter000_run5.csv,sp,20,0,5,False,,1.247557163866906,27.787374257498076,0.3011021915708812,0.15144322868197574,0.0,54.382054,9396,4.0,BALANCE and delay_blend >= 0.99
E:\MDH\5-Project\LatencyPendulumControl\CollectedData\Smith Predictor\6-SP 5 delay 5 jitter\sp_delay005_jitter005_run1.csv,sp,5,5,1,False,,1.508398976699551,26.027096281794755,0.29752372912445346,0.14520182780719362,0.0,54.291618,9377,1.0,BALANCE and delay_blend >= 0.99
E:\MDH\5-Project\LatencyPendulumControl\CollectedData\Smith Predictor\6-SP 5 delay 5 jitter\sp_delay005_jitter005_run2.csv,sp,5,5,2,False,,1.5967669192118148,32.25618643093408,0.32430372467961976,0.16278694375581354,0.0,54.331366,9676,1.0,BALANCE and delay_blend >= 0.99
E:\MDH\5-Project\LatencyPendulumControl\CollectedData\Smith Predictor\6-SP 5 delay 5 jitter\sp_delay005_jitter005_run3.csv,sp,5,5,3,False,,1.578680296116884,25.45780136953704,0.29882023200494284,0.14417951644715843,0.0,38.174833,6474,1.0,BALANCE and delay_blend >= 0.99
E:\MDH\5-Project\LatencyPendulumControl\CollectedData\Smith Predictor\6-SP 5 delay 5 jitter\sp_delay005_jitter005_run4.csv,sp,5,5,4,False,,1.8616277537517245,32.437518368045204,0.327462795678952,0.16184184380877048,0.0,56.904816,10229,1.0,BALANCE and delay_blend >= 0.99
E:\MDH\5-Project\LatencyPendulumControl\CollectedData\Smith Predictor\6-SP 5 delay 5 jitter\sp_delay005_jitter005_run5.csv,sp,5,5,5,False,,1.9818243710635552,28.104696066015315,0.3111604924068611,0.15605189987335866,0.0,54.454212999999996,9153,1.0,BALANCE and delay_blend >= 0.99
E:\MDH\5-Project\LatencyPendulumControl\CollectedData\Smith Predictor\7-SP 10 delay 5 jitter\sp_delay010_jitter005_run1.csv,sp,10,5,1,False,,1.6947362402278014,25.262229926936865,0.30033574926510614,0.14753829454147357,0.0,54.316555,9185,2.0,BALANCE and delay_blend >= 0.99
E:\MDH\5-Project\LatencyPendulumControl\CollectedData\Smith Predictor\7-SP 10 delay 5 jitter\sp_delay010_jitter005_run2.csv,sp,10,5,2,False,,1.4055275232258138,27.92658395285565,0.3094783395567093,0.1500588192445057,0.0,55.827739,10016,2.0,BALANCE and delay_blend >= 0.99
E:\MDH\5-Project\LatencyPendulumControl\CollectedData\Smith Predictor\7-SP 10 delay 5 jitter\sp_delay010_jitter005_run3.csv,sp,10,5,3,False,,1.7613843019912654,25.167301752458815,0.3030512979911913,0.14967981771460898,0.0,54.364439000000004,9309,2.0,BALANCE and delay_blend >= 0.99
E:\MDH\5-Project\LatencyPendulumControl\CollectedData\Smith Predictor\7-SP 10 delay 5 jitter\sp_delay010_jitter005_run4.csv,sp,10,5,4,False,,2.944597136429645,30.298056639863304,0.33089490458093673,0.16914047110357786,0.0,54.474427,9736,2.0,BALANCE and delay_blend >= 0.99
E:\MDH\5-Project\LatencyPendulumControl\CollectedData\Smith Predictor\7-SP 10 delay 5 jitter\sp_delay010_jitter005_run5.csv,sp,10,5,5,False,,3.3547099019207596,22.100185235638392,0.30857724698168193,0.15136806652521,0.0,55.936551,9608,2.0,BALANCE and delay_blend >= 0.99
E:\MDH\5-Project\LatencyPendulumControl\CollectedData\Smith Predictor\8-SP 15 delay 5 jitter\sp_delay015_jitter005_run1.csv,sp,15,5,1,False,,1.3065426968626608,23.086004951314592,0.2717977042620106,0.13333327317667204,0.0,54.236931999999996,9221,3.0,BALANCE and delay_blend >= 0.99
E:\MDH\5-Project\LatencyPendulumControl\CollectedData\Smith Predictor\8-SP 15 delay 5 jitter\sp_delay015_jitter005_run2.csv,sp,15,5,2,False,,2.0684444971898293,30.602309488210334,0.3000745474361636,0.14506305891914173,0.0,54.834376,9634,3.0,BALANCE and delay_blend >= 0.99
E:\MDH\5-Project\LatencyPendulumControl\CollectedData\Smith Predictor\8-SP 15 delay 5 jitter\sp_delay015_jitter005_run3.csv,sp,15,5,3,False,,1.8264531107543251,30.646513263183106,0.29896351953809674,0.14636806981159425,0.0,53.885189,9699,3.0,BALANCE and delay_blend >= 0.99
E:\MDH\5-Project\LatencyPendulumControl\CollectedData\Smith Predictor\8-SP 15 delay 5 jitter\sp_delay015_jitter005_run4.csv,sp,15,5,4,False,,2.3901666614199044,29.47653565670065,0.3025195280229714,0.15050340330950174,0.0,54.169089,9403,3.0,BALANCE and delay_blend >= 0.99
E:\MDH\5-Project\LatencyPendulumControl\CollectedData\Smith Predictor\8-SP 15 delay 5 jitter\sp_delay015_jitter005_run5.csv,sp,15,5,5,False,,3.7223623473329597,23.16783366413712,0.2858892151300236,0.1258517840333147,0.0,54.264665,9729,3.0,BALANCE and delay_blend >= 0.99
E:\MDH\5-Project\LatencyPendulumControl\CollectedData\Smith Predictor\9-SP 20 delay 5 jitter\sp_delay020_jitter005_run1.csv,sp,20,5,1,False,,3.9029830122938014,30.386250229678737,0.32293706584019166,0.13044409779494043,0.0,54.133998,9599,4.0,BALANCE and delay_blend >= 0.99
E:\MDH\5-Project\LatencyPendulumControl\CollectedData\Smith Predictor\9-SP 20 delay 5 jitter\sp_delay020_jitter005_run2.csv,sp,20,5,2,False,,3.4754344389908685,24.138492108454116,0.27474565572535514,0.14528809200609477,0.0,55.000309,9292,4.0,BALANCE and delay_blend >= 0.99
E:\MDH\5-Project\LatencyPendulumControl\CollectedData\Smith Predictor\9-SP 20 delay 5 jitter\sp_delay020_jitter005_run3.csv,sp,20,5,3,False,,4.064378992641165,37.515380827046954,0.343650622493281,0.18649300787942194,0.0,54.592654,9674,4.0,BALANCE and delay_blend >= 0.99
E:\MDH\5-Project\LatencyPendulumControl\CollectedData\Smith Predictor\9-SP 20 delay 5 jitter\sp_delay020_jitter005_run4.csv,sp,20,5,4,False,,1.2832413370288194,27.27782081966386,0.2869780386164172,0.1361699602020591,0.0,54.343783,9685,4.0,BALANCE and delay_blend >= 0.99
E:\MDH\5-Project\LatencyPendulumControl\CollectedData\Smith Predictor\9-SP 20 delay 5 jitter\sp_delay020_jitter005_run5.csv,sp,20,5,5,False,,1.530836233153928,27.550167016096818,0.2904038710363907,0.14233825930418054,0.0,55.0611,9398,4.0,BALANCE and delay_blend >= 0.99
